nm,Kd_M,Kd_C,Es_C0,Es_C1,Es_C2,Es_C3
400,0.18481477,0.15683852,1.244148,-0.000369293,3.63E-06,-8.32E-07
401,0.18537222,0.1486587,1.2910668,-0.000379782,3.76E-06,-8.60E-07
402,0.18592967,0.14047887,1.3379855,-0.000390271,3.90E-06,-8.89E-07
403,0.18648711,0.13229905,1.379671,-0.000398356,4.02E-06,-9.13E-07
404,0.18704456,0.12411922,1.3940318,-0.000393884,4.08E-06,-9.20E-07
405,0.18760201,0.1159394,1.4083925,-0.000389412,4.13E-06,-9.27E-07
406,0.18598628,0.11652543,1.4227533,-0.00038494,4.19E-06,-9.33E-07
407,0.18437056,0.11711146,1.4338752,-0.000377073,4.20E-06,-9.38E-07
408,0.18275483,0.11769748,1.444332,-0.000368509,4.20E-06,-9.42E-07
409,0.1811391,0.11828351,1.4547889,-0.000359946,4.20E-06,-9.46E-07
410,0.17952338,0.11886954,1.4658791,-0.000353666,4.21E-06,-9.50E-07
411,0.17901774,0.11590891,1.4776074,-0.000349689,4.23E-06,-9.54E-07
412,0.17851209,0.11294829,1.4893358,-0.000345712,4.25E-06,-9.58E-07
413,0.17800645,0.10998766,1.4999023,-0.000339988,4.23E-06,-9.62E-07
414,0.17750081,0.10702703,1.5046341,-0.000325494,4.00E-06,-9.60E-07
415,0.17699516,0.10406641,1.5093658,-0.000311,3.77E-06,-9.58E-07
416,0.17639232,0.1010948,1.5140975,-0.000296506,3.54E-06,-9.56E-07
417,0.17578948,0.098123191,1.5136281,-0.000281698,3.32E-06,-9.51E-07
418,0.17518664,0.095151584,1.5121203,-0.000266827,3.12E-06,-9.45E-07
419,0.17458379,0.092179977,1.5106125,-0.000251957,2.91E-06,-9.40E-07
420,0.17398095,0.089208369,1.5068126,-0.000238998,2.72E-06,-9.33E-07
421,0.17318838,0.086689858,1.5007267,-0.000227946,2.54E-06,-9.25E-07
422,0.17239582,0.084171347,1.4946408,-0.000216893,2.37E-06,-9.16E-07
423,0.17160325,0.081652836,1.4867817,-0.000205609,2.21E-06,-9.07E-07
424,0.17081069,0.079134325,1.4701006,-0.000193167,2.09E-06,-8.93E-07
425,0.17001812,0.076615814,1.4534195,-0.000180726,1.97E-06,-8.79E-07
426,0.16882763,0.075640787,1.4367384,-0.000168285,1.84E-06,-8.65E-07
427,0.16763714,0.07466576,1.4280485,-0.00015329,1.63E-06,-8.56E-07
428,0.16644665,0.073690732,1.4209535,-0.000137785,1.40E-06,-8.47E-07
429,0.16525615,0.072715705,1.4138586,-0.00012228,1.17E-06,-8.38E-07
430,0.16406566,0.071740678,1.4178998,-0.0001091,9.18E-07,-8.35E-07
431,0.16307623,0.069911594,1.433099,-9.83E-05,6.52E-07,-8.39E-07
432,0.1620868,0.06808251,1.4482982,-8.74E-05,3.86E-07,-8.42E-07
433,0.16109736,0.066253425,1.465238,-7.65E-05,1.07E-07,-8.47E-07
434,0.16010793,0.064424341,1.4909855,-6.55E-05,-2.40E-07,-8.56E-07
435,0.1591185,0.062595257,1.5167331,-5.44E-05,-5.87E-07,-8.65E-07
436,0.15842303,0.060303403,1.5424806,-4.33E-05,-9.34E-07,-8.74E-07
437,0.15772756,0.058011548,1.5652132,-3.39E-05,-1.25E-06,-8.81E-07
438,0.15703209,0.055719694,1.5873288,-2.48E-05,-1.57E-06,-8.89E-07
439,0.15633662,0.05342784,1.6094445,-1.56E-05,-1.89E-06,-8.96E-07
440,0.15564115,0.051135985,1.631006,-5.75E-06,-2.21E-06,-9.03E-07
441,0.15473819,0.049940104,1.6520021,4.92E-06,-2.54E-06,-9.10E-07
442,0.15383524,0.048744223,1.6729982,1.56E-05,-2.88E-06,-9.16E-07
443,0.15293228,0.047548342,1.6942114,2.65E-05,-3.23E-06,-9.22E-07
444,0.15202932,0.046352461,1.7165699,3.89E-05,-3.68E-06,-9.27E-07
445,0.15112637,0.04515658,1.7389285,5.12E-05,-4.14E-06,-9.32E-07
446,0.15053767,0.043251995,1.761287,6.35E-05,-4.59E-06,-9.36E-07
447,0.14994898,0.041347411,1.7778934,8.01E-05,-5.17E-06,-9.36E-07
448,0.14936028,0.039442827,1.7932666,9.76E-05,-5.77E-06,-9.34E-07
449,0.14877159,0.037538242,1.8086398,0.000115172,-6.38E-06,-9.32E-07
450,0.14818289,0.035633658,1.8208535,0.000129861,-6.91E-06,-9.29E-07
451,0.14756786,0.034832319,1.8297423,0.000141569,-7.36E-06,-9.24E-07
452,0.14695283,0.03403098,1.838631,0.000153277,-7.81E-06,-9.20E-07
453,0.1463378,0.033229641,1.8467057,0.00016512,-8.26E-06,-9.16E-07
454,0.14572277,0.032428303,1.8501922,0.000177726,-8.67E-06,-9.11E-07
455,0.14510774,0.031626964,1.8536788,0.000190332,-9.07E-06,-9.05E-07
456,0.14446714,0.031447183,1.8571653,0.000202937,-9.48E-06,-9.00E-07
457,0.14382654,0.031267402,1.862151,0.000211003,-9.79E-06,-8.97E-07
458,0.14318594,0.031087621,1.8674794,0.00021803,-1.01E-05,-8.95E-07
459,0.14254535,0.03090784,1.8728079,0.000225057,-1.04E-05,-8.92E-07
460,0.14190475,0.030728059,1.8754559,0.000232771,-1.07E-05,-8.88E-07
461,0.14148054,0.029943387,1.8751622,0.00024124,-1.09E-05,-8.82E-07
462,0.14105634,0.029158714,1.8748686,0.000249708,-1.12E-05,-8.77E-07
463,0.14063213,0.028374042,1.8740212,0.000258333,-1.15E-05,-8.71E-07
464,0.14020793,0.02758937,1.8697547,0.000267924,-1.18E-05,-8.65E-07
465,0.13978372,0.026804697,1.8654881,0.000277515,-1.20E-05,-8.58E-07
466,0.13921556,0.026801192,1.8612216,0.000287106,-1.23E-05,-8.51E-07
467,0.1386474,0.026797686,1.8596178,0.000299757,-1.25E-05,-8.48E-07
468,0.13807923,0.026794181,1.8586725,0.000313165,-1.28E-05,-8.46E-07
469,0.13751107,0.026790675,1.8577271,0.000326572,-1.31E-05,-8.43E-07
470,0.13694291,0.02678717,1.8594193,0.00033963,-1.33E-05,-8.43E-07
471,0.13650294,0.026287264,1.86416,0.000352283,-1.36E-05,-8.46E-07
472,0.13606297,0.025787359,1.8689008,0.000364936,-1.38E-05,-8.49E-07
473,0.13562301,0.025287453,1.873927,0.000377949,-1.41E-05,-8.51E-07
474,0.13518304,0.024787547,1.880939,0.000393474,-1.44E-05,-8.54E-07
475,0.13474308,0.024287641,1.8879509,0.000408999,-1.48E-05,-8.56E-07
476,0.13419906,0.024097942,1.8949629,0.000424523,-1.51E-05,-8.58E-07
477,0.13365504,0.023908243,1.8973766,0.000440169,-1.55E-05,-8.54E-07
478,0.13311103,0.023718543,1.8985486,0.000455847,-1.58E-05,-8.49E-07
479,0.13256701,0.023528844,1.8997207,0.000471526,-1.62E-05,-8.43E-07
480,0.13202299,0.023339145,1.8944576,0.000487233,-1.65E-05,-8.34E-07
481,0.13164402,0.022900018,1.8812929,0.000502976,-1.67E-05,-8.19E-07
482,0.13126505,0.022460892,1.8681281,0.000518719,-1.70E-05,-8.05E-07
483,0.13088608,0.022021765,1.8548826,0.000534367,-1.72E-05,-7.91E-07
484,0.13050711,0.021582639,1.840984,0.000549243,-1.74E-05,-7.76E-07
485,0.13012814,0.021143512,1.8270854,0.00056412,-1.77E-05,-7.62E-07
486,0.12960104,0.021130908,1.8131868,0.000578997,-1.80E-05,-7.48E-07
487,0.12907394,0.021118304,1.8093115,0.000598286,-1.84E-05,-7.38E-07
488,0.12854684,0.021105699,1.8084109,0.000618885,-1.89E-05,-7.30E-07
489,0.12801974,0.021093095,1.8075103,0.000639483,-1.94E-05,-7.22E-07
490,0.12749264,0.021080491,1.8105405,0.000656612,-1.99E-05,-7.16E-07
491,0.1270096,0.021175366,1.8187383,0.00066918,-2.04E-05,-7.13E-07
492,0.12652655,0.021270242,1.8269361,0.000681748,-2.08E-05,-7.10E-07
493,0.12604351,0.021365118,1.8343582,0.000693729,-2.12E-05,-7.08E-07
494,0.12556047,0.021459993,1.834194,0.000699968,-2.14E-05,-7.05E-07
495,0.12507742,0.021554869,1.8340298,0.000706206,-2.16E-05,-7.03E-07
496,0.12454524,0.022745382,1.8338656,0.000712445,-2.18E-05,-7.01E-07
497,0.12401306,0.023935896,1.8290553,0.000707734,-2.15E-05,-7.03E-07
498,0.12348087,0.02512641,1.8227237,0.000699437,-2.12E-05,-7.08E-07
499,0.12294869,0.026316924,1.8163921,0.000691141,-2.08E-05,-7.12E-07
500,0.12241651,0.027507438,1.8110342,0.000679395,-2.04E-05,-7.19E-07
501,0.12204949,0.026931254,1.8070558,0.000662764,-1.98E-05,-7.28E-07
502,0.12168247,0.026355069,1.8030774,0.000646133,-1.92E-05,-7.37E-07
503,0.12131546,0.025778885,1.7994924,0.000630809,-1.87E-05,-7.46E-07
504,0.12094844,0.025202701,1.8008241,0.000631825,-1.88E-05,-7.46E-07
505,0.12058143,0.024626517,1.8021558,0.000632841,-1.89E-05,-7.45E-07
506,0.1201588,0.025367768,1.8034874,0.000633857,-1.90E-05,-7.45E-07
507,0.11973618,0.02610902,1.8025805,0.000651741,-1.98E-05,-7.33E-07
508,0.11931356,0.026850271,1.8008634,0.00067573,-2.07E-05,-7.17E-07
509,0.11889094,0.027591522,1.7991463,0.000699718,-2.17E-05,-7.01E-07
510,0.11846832,0.028332773,1.7934806,0.00072393,-2.26E-05,-6.83E-07
511,0.11815241,0.028251619,1.7817515,0.000748482,-2.35E-05,-6.62E-07
512,0.11783649,0.028170464,1.7700223,0.000773035,-2.44E-05,-6.42E-07
513,0.11752058,0.02808931,1.7583066,0.000797462,-2.52E-05,-6.22E-07
514,0.11720467,0.028008156,1.7468242,0.000819684,-2.58E-05,-6.07E-07
515,0.11688876,0.027927001,1.7353419,0.000841906,-2.64E-05,-5.93E-07
516,0.11647839,0.027994496,1.7238595,0.000864128,-2.71E-05,-5.79E-07
517,0.11606803,0.02806199,1.7207581,0.000884108,-2.76E-05,-5.71E-07
518,0.11565767,0.028129485,1.721008,0.00090319,-2.81E-05,-5.67E-07
519,0.1152473,0.028196979,1.7212579,0.000922272,-2.86E-05,-5.63E-07
520,0.11483694,0.028264473,1.7245159,0.000940123,-2.91E-05,-5.61E-07
521,0.11442677,0.028503457,1.7328044,0.000955916,-2.95E-05,-5.64E-07
522,0.11401659,0.02874244,1.741093,0.000971709,-2.99E-05,-5.66E-07
523,0.11360642,0.028981423,1.7493282,0.000987408,-3.03E-05,-5.68E-07
524,0.11319624,0.029220406,1.7560481,0.001000428,-3.06E-05,-5.72E-07
525,0.11278607,0.029459389,1.7627681,0.001013447,-3.09E-05,-5.77E-07
526,0.11243696,0.029125886,1.7694881,0.001026466,-3.12E-05,-5.81E-07
527,0.11208785,0.028792382,1.7747281,0.00103818,-3.14E-05,-5.83E-07
528,0.11173874,0.028458878,1.7793148,0.001049318,-3.17E-05,-5.86E-07
529,0.11138963,0.028125374,1.7839016,0.001060456,-3.20E-05,-5.88E-07
530,0.11104052,0.027791871,1.7879796,0.001071124,-3.23E-05,-5.89E-07
531,0.1107881,0.026875664,1.7911278,0.001080935,-3.26E-05,-5.88E-07
532,0.11053569,0.025959457,1.794276,0.001090746,-3.30E-05,-5.87E-07
533,0.11028327,0.025043251,1.7973389,0.001100443,-3.33E-05,-5.85E-07
534,0.11003086,0.024127044,1.7940828,0.001101644,-3.33E-05,-5.84E-07
535,0.10977844,0.023210837,1.7908267,0.001102846,-3.32E-05,-5.84E-07
536,0.10949585,0.022754249,1.7875705,0.001104048,-3.32E-05,-5.83E-07
537,0.10921326,0.022297661,1.7836467,0.001100398,-3.30E-05,-5.83E-07
538,0.10893067,0.021841072,1.7793985,0.001094392,-3.28E-05,-5.85E-07
539,0.10864808,0.021384484,1.7751503,0.001088385,-3.26E-05,-5.87E-07
540,0.10836548,0.020927896,1.7717217,0.001083939,-3.24E-05,-5.88E-07
541,0.10803901,0.021086454,1.7699365,0.001082621,-3.23E-05,-5.90E-07
542,0.10771254,0.021245011,1.7681513,0.001081303,-3.23E-05,-5.92E-07
543,0.10738606,0.021403569,1.7663661,0.001079986,-3.22E-05,-5.93E-07
544,0.10705959,0.021562127,1.7675624,0.001091174,-3.26E-05,-5.89E-07
545,0.10673312,0.021720685,1.7687811,0.001102455,-3.30E-05,-5.85E-07
546,0.10642481,0.021913192,1.7699997,0.001113736,-3.35E-05,-5.81E-07
547,0.1061165,0.022105699,1.7707137,0.001129916,-3.41E-05,-5.73E-07
548,0.10580819,0.022298207,1.7711587,0.001148707,-3.48E-05,-5.64E-07
549,0.10549987,0.022490714,1.7716038,0.001167497,-3.55E-05,-5.55E-07
550,0.10519156,0.022683221,1.7713408,0.001184235,-3.62E-05,-5.46E-07
551,0.1047854,0.023642359,1.7695181,0.00119645,-3.67E-05,-5.39E-07
552,0.10437923,0.024601497,1.7676954,0.001208666,-3.71E-05,-5.32E-07
553,0.10397306,0.025560635,1.7658727,0.001220881,-3.76E-05,-5.26E-07
554,0.10356689,0.026519774,1.7611656,0.001226971,-3.78E-05,-5.22E-07
555,0.10316073,0.027478912,1.7563758,0.001232885,-3.80E-05,-5.19E-07
556,0.102783,0.028305267,1.7515859,0.001238799,-3.82E-05,-5.15E-07
557,0.10240527,0.029131623,1.7470861,0.001238037,-3.82E-05,-5.16E-07
558,0.10202754,0.029957978,1.7427551,0.00123339,-3.80E-05,-5.19E-07
559,0.1016498,0.030784333,1.7384241,0.001228743,-3.78E-05,-5.22E-07
560,0.10127207,0.031610689,1.7346556,0.001220953,-3.75E-05,-5.27E-07
561,0.10086213,0.032615815,1.7322498,0.001205546,-3.69E-05,-5.38E-07
562,0.10045219,0.033620942,1.7298441,0.001190139,-3.64E-05,-5.49E-07
563,0.10004225,0.034626068,1.7274383,0.001174733,-3.58E-05,-5.60E-07
564,0.099632311,0.035631195,1.7245274,0.001149201,-3.49E-05,-5.77E-07
565,0.09922237,0.036636321,1.7215911,0.001123162,-3.40E-05,-5.95E-07
566,0.098832571,0.037960445,1.7186548,0.001097123,-3.30E-05,-6.13E-07
567,0.098442772,0.039284568,1.7161336,0.001068664,-3.20E-05,-6.32E-07
568,0.098052973,0.040608692,1.7138749,0.001038674,-3.10E-05,-6.53E-07
569,0.097663174,0.041932815,1.7116163,0.001008684,-2.99E-05,-6.73E-07
570,0.097273375,0.043256938,1.7098103,0.000984056,-2.90E-05,-6.91E-07
571,0.096973099,0.045263714,1.7092104,0.000973708,-2.87E-05,-7.00E-07
572,0.096672822,0.04727049,1.7086104,0.00096336,-2.84E-05,-7.10E-07
573,0.096372546,0.049277266,1.7080104,0.000953013,-2.80E-05,-7.20E-07
574,0.096072269,0.051284042,1.7083795,0.000963083,-2.84E-05,-7.15E-07
575,0.095771993,0.053290817,1.7088177,0.00097461,-2.88E-05,-7.09E-07
576,0.095584531,0.056202993,1.7092558,0.000986137,-2.92E-05,-7.04E-07
577,0.095397069,0.059115169,1.709869,0.001005818,-3.00E-05,-6.92E-07
578,0.095209607,0.062027345,1.7106018,0.001031071,-3.09E-05,-6.75E-07
579,0.095022145,0.064939521,1.7113345,0.001056324,-3.18E-05,-6.59E-07
580,0.094834683,0.067851697,1.7109029,0.001072075,-3.24E-05,-6.46E-07
581,0.094664845,0.072454268,1.7070674,0.001060048,-3.20E-05,-6.44E-07
582,0.094495007,0.077056839,1.703232,0.001048022,-3.16E-05,-6.42E-07
583,0.094325169,0.081659411,1.6993965,0.001035996,-3.13E-05,-6.40E-07
584,0.094155331,0.086261982,1.6871596,0.000966011,-2.89E-05,-6.67E-07
585,0.093985493,0.090864553,1.6741507,0.0008907,-2.63E-05,-6.97E-07
586,0.093810719,0.097188999,1.6611417,0.000815389,-2.37E-05,-7.27E-07
587,0.093635946,0.10351344,1.6485286,0.000735422,-2.09E-05,-7.61E-07
588,0.093461173,0.10983789,1.6362057,0.000652043,-1.81E-05,-7.98E-07
589,0.0932864,0.11616233,1.6238827,0.000568663,-1.53E-05,-8.35E-07
590,0.093111627,0.12248678,1.6139931,0.000500908,-1.30E-05,-8.65E-07
591,0.092855352,0.13199212,1.6118796,0.000483079,-1.24E-05,-8.74E-07
592,0.092599076,0.14149746,1.609766,0.000465251,-1.19E-05,-8.83E-07
593,0.092342801,0.15100279,1.6076524,0.000447422,-1.13E-05,-8.91E-07
594,0.092086526,0.16050813,1.611277,0.000492481,-1.28E-05,-8.69E-07
595,0.091830251,0.17001347,1.6155397,0.000544535,-1.46E-05,-8.43E-07
596,0.091725981,0.17949915,1.6198025,0.000596589,-1.64E-05,-8.17E-07
597,0.091621711,0.18898483,1.624415,0.000671305,-1.89E-05,-7.81E-07
598,0.091517441,0.19847051,1.6293003,0.000763706,-2.18E-05,-7.39E-07
599,0.091413171,0.20795619,1.6341857,0.000856107,-2.48E-05,-6.97E-07
600,0.091308901,0.21744187,1.6387704,0.00094602,-2.77E-05,-6.55E-07
601,0.091047544,0.22592702,1.6423117,0.001027301,-3.03E-05,-6.18E-07
602,0.090786188,0.23441218,1.645853,0.001108583,-3.29E-05,-5.80E-07
603,0.090524832,0.24289734,1.6493943,0.001189864,-3.55E-05,-5.43E-07
604,0.090263476,0.2513825,1.6499809,0.001248589,-3.73E-05,-5.16E-07
605,0.09000212,0.25986766,1.6501871,0.00130441,-3.90E-05,-4.91E-07
606,0.089983096,0.26385217,1.6503932,0.00136023,-4.07E-05,-4.66E-07
607,0.089964072,0.26783669,1.6485168,0.001401562,-4.19E-05,-4.46E-07
608,0.089945048,0.27182121,1.6449253,0.001430964,-4.26E-05,-4.31E-07
609,0.089926024,0.27580573,1.6413338,0.001460365,-4.34E-05,-4.15E-07
610,0.089906999,0.27979024,1.6375477,0.001488868,-4.42E-05,-4.01E-07
611,0.089816057,0.28162479,1.6330341,0.001514014,-4.47E-05,-3.89E-07
612,0.089725115,0.28345934,1.6285206,0.00153916,-4.53E-05,-3.77E-07
613,0.089634173,0.28529389,1.6240071,0.001564306,-4.58E-05,-3.66E-07
614,0.089543231,0.28712844,1.621294,0.001584054,-4.62E-05,-3.58E-07
615,0.089452289,0.28896299,1.6188399,0.001603025,-4.66E-05,-3.52E-07
616,0.089284854,0.2903598,1.6163858,0.001621997,-4.69E-05,-3.45E-07
617,0.089117418,0.29175662,1.6143097,0.001635607,-4.72E-05,-3.41E-07
618,0.088949983,0.29315343,1.6125587,0.001644604,-4.73E-05,-3.39E-07
619,0.088782548,0.29455025,1.6108077,0.001653601,-4.75E-05,-3.37E-07
620,0.088615112,0.29594706,1.6087139,0.001658219,-4.75E-05,-3.37E-07
621,0.088506121,0.29717824,1.6052584,0.001645443,-4.69E-05,-3.46E-07
622,0.088397131,0.29840941,1.601803,0.001632667,-4.64E-05,-3.55E-07
623,0.08828814,0.29964059,1.5983476,0.001619892,-4.58E-05,-3.64E-07
624,0.088179149,0.30087176,1.593419,0.001601857,-4.51E-05,-3.75E-07
625,0.088070158,0.30210294,1.5882608,0.001583003,-4.44E-05,-3.88E-07
626,0.088014067,0.30322452,1.5831026,0.001564148,-4.36E-05,-4.00E-07
627,0.087957976,0.3043461,1.5786888,0.001547373,-4.30E-05,-4.10E-07
628,0.087901884,0.30546768,1.5749369,0.001532445,-4.24E-05,-4.17E-07
629,0.087845793,0.30658926,1.571185,0.001517518,-4.18E-05,-4.24E-07
630,0.087789702,0.30771084,1.5679795,0.001507293,-4.14E-05,-4.28E-07
631,0.087721226,0.30833183,1.5670446,0.001516606,-4.16E-05,-4.20E-07
632,0.08765275,0.30895283,1.5661097,0.001525918,-4.19E-05,-4.12E-07
633,0.087584273,0.30957382,1.5651748,0.001535231,-4.21E-05,-4.04E-07
634,0.087515797,0.31019482,1.5651198,0.001554855,-4.27E-05,-3.88E-07
635,0.087447321,0.31081582,1.5652093,0.001576172,-4.34E-05,-3.71E-07
636,0.08751967,0.31009481,1.5652987,0.00159749,-4.40E-05,-3.55E-07
637,0.08759202,0.30937381,1.5646107,0.0016129,-4.46E-05,-3.41E-07
638,0.08766437,0.30865281,1.5632172,0.001622949,-4.49E-05,-3.29E-07
639,0.087736719,0.30793181,1.5618236,0.001632999,-4.53E-05,-3.17E-07
640,0.087809069,0.3072108,1.5597213,0.001636331,-4.54E-05,-3.09E-07
641,0.087497939,0.31218055,1.5545963,0.001611018,-4.45E-05,-3.16E-07
642,0.087186809,0.3171503,1.5494713,0.001585705,-4.36E-05,-3.24E-07
643,0.086875679,0.32212005,1.5443464,0.001560392,-4.28E-05,-3.31E-07
644,0.086564549,0.3270898,1.5371448,0.001510974,-4.11E-05,-3.51E-07
645,0.086253419,0.33205955,1.529594,0.001457502,-3.93E-05,-3.72E-07
646,0.086321191,0.33272478,1.5220431,0.001404029,-3.74E-05,-3.94E-07
647,0.086388964,0.33339001,1.5144257,0.001359876,-3.59E-05,-4.12E-07
648,0.086456737,0.33405524,1.5067474,0.001324239,-3.47E-05,-4.25E-07
649,0.086524509,0.33472048,1.4990692,0.001288601,-3.35E-05,-4.39E-07
650,0.086592282,0.33538571,1.4913993,0.001261123,-3.25E-05,-4.48E-07
651,0.086326965,0.34254961,1.4837654,0.001268567,-3.27E-05,-4.38E-07
652,0.086061649,0.34971351,1.4761315,0.001276011,-3.29E-05,-4.29E-07
653,0.085796332,0.35687741,1.4684976,0.001283455,-3.32E-05,-4.19E-07
654,0.085531015,0.36404131,1.4649085,0.00132488,-3.45E-05,-3.96E-07
655,0.085265699,0.37120521,1.4619957,0.001371986,-3.60E-05,-3.70E-07
656,0.085180327,0.37767305,1.459083,0.001419093,-3.75E-05,-3.44E-07
657,0.085094955,0.38414088,1.4603701,0.001478579,-3.95E-05,-3.14E-07
658,0.085009583,0.39060872,1.4654652,0.00154929,-4.18E-05,-2.79E-07
659,0.084924212,0.39707656,1.4705602,0.001620002,-4.42E-05,-2.44E-07
660,0.08483884,0.40354439,1.4762187,0.001691102,-4.66E-05,-2.10E-07
661,0.084762407,0.40790708,1.484238,0.001763834,-4.91E-05,-1.76E-07
662,0.084685974,0.41226976,1.4922573,0.001836566,-5.15E-05,-1.43E-07
663,0.084609541,0.41663245,1.5002766,0.001909297,-5.40E-05,-1.09E-07
664,0.084533108,0.42099513,1.5035255,0.0019624,-5.57E-05,-8.46E-08
665,0.084456675,0.42535781,1.5060068,0.002012345,-5.74E-05,-6.16E-08
666,0.084383265,0.42765236,1.5084881,0.002062289,-5.90E-05,-3.86E-08
667,0.084309855,0.42994691,1.5090507,0.002100746,-6.02E-05,-2.01E-08
668,0.084236446,0.43224146,1.5079153,0.002129037,-6.12E-05,-5.53E-09
669,0.084163036,0.43453601,1.50678,0.002157328,-6.21E-05,9.04E-09
670,0.084089627,0.43683056,1.5053979,0.002182377,-6.29E-05,2.23E-08
671,0.083939831,0.4390573,1.5030297,0.002194464,-6.34E-05,3.05E-08
672,0.083790036,0.44128405,1.5006616,0.002206552,-6.38E-05,3.87E-08
673,0.08364024,0.44351079,1.4982935,0.00221864,-6.43E-05,4.68E-08
674,0.083490445,0.44573754,1.4956299,0.002222672,-6.44E-05,5.10E-08
675,0.083340649,0.44796428,1.4929221,0.002225504,-6.45E-05,5.46E-08
676,0.083196838,0.45058489,1.4902144,0.002228336,-6.46E-05,5.82E-08
677,0.083053028,0.4532055,1.4859404,0.002223515,-6.46E-05,5.83E-08
678,0.082909217,0.45582611,1.480337,0.002212199,-6.43E-05,5.54E-08
679,0.082765406,0.45844672,1.4747335,0.002200882,-6.41E-05,5.26E-08
680,0.082621595,0.46106734,1.4671217,0.002181992,-6.36E-05,4.56E-08
681,0.082548712,0.46478263,1.4520463,0.002134956,-6.24E-05,2.34E-08
682,0.082475829,0.46849792,1.4369708,0.00208792,-6.12E-05,1.12E-09
683,0.082402946,0.47221321,1.4218954,0.002040884,-6.00E-05,-2.11E-08
684,0.082330062,0.4759285,1.402893,0.00195926,-5.76E-05,-6.23E-08
685,0.082257179,0.47964379,1.383374,0.001873085,-5.50E-05,-1.06E-07
686,0.082100403,0.48564351,1.363855,0.001786909,-5.25E-05,-1.50E-07
687,0.081943626,0.49164324,1.3478419,0.001692375,-4.95E-05,-1.96E-07
688,0.08178685,0.49764296,1.3346288,0.001591164,-4.60E-05,-2.46E-07
689,0.081630073,0.50364268,1.3214158,0.001489954,-4.26E-05,-2.95E-07
690,0.081473297,0.5096424,1.3108978,0.001396337,-3.93E-05,-3.39E-07
691,0.081266518,0.51952285,1.3094659,0.001328319,-3.66E-05,-3.67E-07
692,0.081059739,0.5294033,1.3080341,0.001260302,-3.39E-05,-3.96E-07
693,0.080852961,0.53928374,1.3066022,0.001192284,-3.12E-05,-4.24E-07
694,0.080646182,0.54916419,1.3067428,0.001157036,-2.95E-05,-4.37E-07
695,0.080439403,0.55904464,1.3070541,0.001125343,-2.80E-05,-4.49E-07
696,0.08032902,0.57283594,1.3073653,0.001093651,-2.65E-05,-4.60E-07
697,0.080218637,0.58662725,1.3078616,0.001079899,-2.56E-05,-4.64E-07
698,0.080108254,0.60041855,1.3084939,0.00107935,-2.52E-05,-4.64E-07
699,0.07999787,0.61420985,1.3091263,0.0010788,-2.49E-05,-4.63E-07
700,0.079887487,0.62800116,1.31001,0.001083492,-2.47E-05,-4.60E-07
701,0.079777104,0.64179246,1.3116453,0.001103856,-2.51E-05,-4.51E-07
702,0.079666721,0.65558376,1.3132806,0.001124219,-2.54E-05,-4.42E-07
703,0.079556337,0.66937507,1.3149158,0.001144583,-2.58E-05,-4.33E-07
704,0.079445954,0.68316637,1.3181502,0.001187178,-2.71E-05,-4.13E-07
705,0.079335571,0.69695768,1.3215129,0.001231557,-2.84E-05,-3.91E-07
706,0.079225188,0.71074898,1.3248756,0.001275936,-2.98E-05,-3.70E-07
707,0.079114804,0.72454028,1.324772,0.001299813,-3.05E-05,-3.56E-07
708,0.079004421,0.73833159,1.3223718,0.001310107,-3.10E-05,-3.48E-07
709,0.078894038,0.75212289,1.3199717,0.001320401,-3.14E-05,-3.39E-07
710,0.078783655,0.76591419,1.3127388,0.001303344,-3.10E-05,-3.42E-07
711,0.078673271,0.7797055,1.2929481,0.001215213,-2.85E-05,-3.74E-07
712,0.078562888,0.7934968,1.2731575,0.001127082,-2.61E-05,-4.05E-07
713,0.078452505,0.8072881,1.2533668,0.001038951,-2.37E-05,-4.37E-07
714,0.078342122,0.82107941,1.2220994,0.000892442,-1.94E-05,-4.95E-07
715,0.078231738,0.83487071,1.1902907,0.000743178,-1.51E-05,-5.55E-07
716,0.078121355,0.84866201,1.158482,0.000593915,-1.07E-05,-6.14E-07
717,0.078010972,0.86245332,1.1314135,0.000466868,-7.00E-06,-6.65E-07
718,0.077900589,0.87624462,1.1070977,0.000352723,-3.67E-06,-7.12E-07
719,0.077790205,0.89003593,1.0827818,0.000238578,-3.42E-07,-7.58E-07
720,0.077679822,0.90382723,1.0635496,0.000145273,2.42E-06,-7.97E-07
721,0.077569439,0.91761853,1.0555779,9.81E-05,3.91E-06,-8.18E-07
722,0.077459056,0.93140984,1.0476063,5.10E-05,5.41E-06,-8.39E-07
723,0.077348672,0.94520114,1.0396347,3.85E-06,6.91E-06,-8.61E-07
724,0.077238289,0.95899244,1.039371,1.84E-06,7.07E-06,-8.64E-07
725,0.077127906,0.97278375,1.0391847,2.86E-07,7.21E-06,-8.67E-07
726,0.077017522,0.98657505,1.0389984,-1.27E-06,7.35E-06,-8.70E-07
727,0.076907139,1.0003664,1.0461441,4.04E-05,6.29E-06,-8.55E-07
728,0.076796756,1.0141577,1.0569043,0.000103414,4.63E-06,-8.32E-07
729,0.076686373,1.027949,1.0676645,0.000166413,2.97E-06,-8.08E-07
730,0.076575989,1.0417403,1.0811921,0.000249169,7.27E-07,-7.76E-07
731,0.076465606,1.0555316,1.0998541,0.00036858,-2.62E-06,-7.27E-07
732,0.076355223,1.0693229,1.1185161,0.00048799,-5.96E-06,-6.78E-07
733,0.07624484,1.0831142,1.1371276,0.000608327,-9.34E-06,-6.29E-07
734,0.076134456,1.0969055,1.1541827,0.000757184,-1.38E-05,-5.64E-07
735,0.076024073,1.1106968,1.1712379,0.000906041,-1.83E-05,-4.99E-07
736,0.07591369,1.1244881,1.188293,0.001054899,-2.27E-05,-4.34E-07
737,0.075803307,1.1382794,1.2011703,0.001196366,-2.72E-05,-3.68E-07
738,0.075692923,1.1520707,1.2123685,0.001334863,-3.16E-05,-3.03E-07
739,0.07558254,1.165862,1.2235668,0.001473359,-3.61E-05,-2.37E-07
740,0.075472157,1.1796533,1.2333583,0.001607744,-4.05E-05,-1.74E-07
741,0.075361774,1.1934446,1.2410037,0.001735854,-4.48E-05,-1.12E-07
742,0.07525139,1.2072359,1.248649,0.001863965,-4.92E-05,-5.09E-08
743,0.075141007,1.2210272,1.2559928,0.001988276,-5.34E-05,8.75E-09
744,0.075030624,1.2348185,1.2598345,0.002068478,-5.62E-05,4.91E-08
745,0.074920241,1.2486098,1.2636761,0.00214868,-5.91E-05,8.95E-08
746,0.074809857,1.2624011,1.2675177,0.002228882,-6.20E-05,1.30E-07
747,0.074699474,1.2761924,1.2678042,0.002278448,-6.37E-05,1.55E-07
748,0.074589091,1.2899837,1.2669894,0.002318523,-6.52E-05,1.75E-07
749,0.074478708,1.303775,1.2661745,0.002358599,-6.66E-05,1.94E-07
750,0.074368324,1.3175663,1.2612155,0.002377939,-6.76E-05,2.07E-07
